Score,Feature
,hsa-mir-103b-1
,hsa-mir-103b-2
,hsa-mir-1183
38.3567040932429,hsa-mir-4663
5.234285714285734,hsa-mir-1972-1
4.676144238371229,hsa-mir-4776-2
3.948821536125456,hsa-mir-4735
3.811345682233939,hsa-mir-4666b
3.2919529361219237,hsa-mir-4737
3.2079106497279035,hsa-mir-4720
