Feature,0
hsa-mir-520a,8.776809385972905
hsa-mir-520f,7.479980690315695
hsa-mir-518c,7.34120470080784
hsa-mir-516b-1,6.974440337930705
hsa-mir-512-1,6.891410585649778
hsa-mir-525,6.8855978144022
hsa-mir-518a-2,6.594470123165745
hsa-mir-518b,6.498127649946665
hsa-mir-520c,6.482025937133054
hsa-mir-526b,6.4812380315945335
