{
    "diagnosis_classification_report": "              precision    recall  f1-score   support\n\n           0     0.0000    0.0000    0.0000         2\n           1     0.9909    1.0000    0.9954       217\n\n    accuracy                         0.9909       219\n   macro avg     0.4954    0.5000    0.4977       219\nweighted avg     0.9818    0.9909    0.9863       219\n",
    "stage_classification_report": "              precision    recall  f1-score   support\n\n           0     0.0000    0.0000    0.0000         2\n           1     0.5161    0.9825    0.6767       114\n           2     0.0000    0.0000    0.0000        62\n           3     0.0000    0.0000    0.0000        35\n           4     0.0000    0.0000    0.0000         6\n\n    accuracy                         0.5114       219\n   macro avg     0.1032    0.1965    0.1353       219\nweighted avg     0.2687    0.5114    0.3523       219\n",
    "subtype_classification_report": "              precision    recall  f1-score   support\n\n           0     0.0000    0.0000    0.0000         2\n           1     0.5414    0.6372    0.5854       113\n           2     0.5116    0.4231    0.4632       104\n\n    accuracy                         0.5297       219\n   macro avg     0.3510    0.3534    0.3495       219\nweighted avg     0.5223    0.5297    0.5220       219\n",
    "diagnosis_accuracy": 0.9908675799086758,
    "stage_accuracy": 0.5114155251141552,
    "subtype_accuracy": 0.5296803652968036,
    "diagnosis_sensitivity": 1.0,
    "stage_sensitivity": 0.19649122807017544,
    "subtype_sensitivity": 0.3534150215566145,
    "diagnosis_specificity": 0.0,
    "stage_specificity": 0.1032258064516129,
    "subtype_specificity": 0.3509937634784636,
    "top_10_features_diagnosis": [
        "hsa-mir-202",
        "hsa-mir-4802",
        "hsa-mir-466",
        "hsa-mir-6718",
        "hsa-mir-410",
        "hsa-mir-329-2",
        "hsa-mir-5690",
        "hsa-mir-4492",
        "hsa-mir-770",
        "hsa-mir-3150b"
    ],
    "top_10_features_stage": [
        "hsa-mir-3941",
        "hsa-mir-187",
        "hsa-mir-202",
        "hsa-mir-3150b",
        "hsa-mir-4461",
        "hsa-mir-539",
        "hsa-mir-496",
        "hsa-mir-329-2",
        "hsa-mir-135a-1",
        "hsa-mir-410"
    ],
    "top_10_features_subtype": [
        "hsa-mir-202",
        "hsa-mir-6879",
        "hsa-mir-3150b",
        "hsa-mir-329-2",
        "hsa-mir-5690",
        "hsa-mir-4802",
        "hsa-mir-539",
        "hsa-mir-410",
        "hsa-mir-135a-1",
        "hsa-mir-6718"
    ]
}