Feature,Importance
hsa-mir-615,0.00927794739769579
hsa-mir-4792,0.007812195396690453
hsa-mir-3686,0.006657599036508428
hsa-mir-190b,0.006300626944983128
hsa-mir-132,0.006166327849620503
hsa-mir-34b,0.0059970571150627415
hsa-mir-3692,0.0059357693451802486
hsa-mir-6738,0.0057047781000118345
hsa-mir-374a,0.00565783545394443
hsa-mir-6863,0.005570821971640955
