Feature,Importance
hsa-mir-185,0.003066681040701118
hsa-mir-30b,0.0030395210226322883
hsa-mir-26a-1,0.002844087999724995
hsa-mir-202,0.002732046805179517
hsa-mir-195,0.002657409351871343
hsa-mir-26a-2,0.0026092325331087377
hsa-mir-3610,0.002567742738261407
hsa-mir-504,0.0023919911855274376
hsa-mir-1304,0.0023630769245953126
hsa-mir-135a-2,0.0023527328465107853
