Feature,Importance
hsa-mir-23c,0.01599410573251008
hsa-mir-202,0.015567053916961799
hsa-mir-26a-1,0.014352040049320858
hsa-mir-1304,0.012037847439869272
hsa-mir-30b,0.01180137927130532
hsa-mir-26a-2,0.011088920301077316
hsa-mir-411,0.010557199118068556
hsa-mir-5690,0.010295890069680146
hsa-mir-299,0.00970961745453944
hsa-mir-329-2,0.008339990014718055
