{
    "diagnosis_hyperparameters": "              precision    recall  f1-score   support\n\n           0     0.0000    0.0000    0.0000         2\n           1     0.9909    1.0000    0.9954       217\n\n    accuracy                         0.9909       219\n   macro avg     0.4954    0.5000    0.4977       219\nweighted avg     0.9818    0.9909    0.9863       219\n",
    "stage_hyperparameters": "              precision    recall  f1-score   support\n\n           0     0.0000    0.0000    0.0000         2\n           1     0.5337    0.9737    0.6894       114\n           2     0.5455    0.0968    0.1644        62\n           3     0.0000    0.0000    0.0000        35\n           4     0.0000    0.0000    0.0000         6\n\n    accuracy                         0.5342       219\n   macro avg     0.2158    0.2141    0.1708       219\nweighted avg     0.4322    0.5342    0.4054       219\n",
    "subtype_hyperparameters": "              precision    recall  f1-score   support\n\n           0     0.0000    0.0000    0.0000         2\n           1     0.5565    0.5664    0.5614       113\n           2     0.5192    0.5192    0.5192       104\n\n    accuracy                         0.5388       219\n   macro avg     0.3586    0.3619    0.3602       219\nweighted avg     0.5337    0.5388    0.5362       219\n",
    "diagnosis_accuracy": 0.9908675799086758,
    "stage_accuracy": 0.5342465753424658,
    "subtype_accuracy": 0.5388127853881278,
    "diagnosis_sensitivity": 1.0,
    "stage_sensitivity": 0.2140916808149406,
    "subtype_sensitivity": 0.36186748354889947,
    "diagnosis_specificity": 0.0,
    "stage_specificity": 0.5395541958041958,
    "subtype_specificity": 0.537876254180602,
    "top_10_features_diagnosis": [
        "hsa-mir-509-1",
        "hsa-mir-4802",
        "hsa-mir-145",
        "hsa-mir-203b",
        "hsa-mir-4684",
        "hsa-mir-6720",
        "hsa-mir-466",
        "hsa-mir-4740",
        "hsa-mir-589",
        "hsa-mir-187"
    ],
    "top_10_features_stage": [
        "hsa-mir-187",
        "hsa-mir-203b",
        "hsa-mir-509-1",
        "hsa-mir-589",
        "hsa-mir-6720",
        "hsa-mir-145",
        "hsa-mir-4802",
        "hsa-mir-3177",
        "hsa-mir-466",
        "hsa-mir-4684"
    ],
    "top_10_features_subtype": [
        "hsa-mir-509-1",
        "hsa-mir-6720",
        "hsa-mir-187",
        "hsa-mir-4802",
        "hsa-mir-203b",
        "hsa-mir-145",
        "hsa-mir-589",
        "hsa-mir-4684",
        "hsa-mir-4740",
        "hsa-mir-466"
    ]
}