{
    "diagnosis_hyperparameters": "              precision    recall  f1-score   support\n\n           0     0.0000    0.0000    0.0000         2\n           1     0.9909    1.0000    0.9954       217\n\n    accuracy                         0.9909       219\n   macro avg     0.4954    0.5000    0.4977       219\nweighted avg     0.9818    0.9909    0.9863       219\n",
    "stage_hyperparameters": "              precision    recall  f1-score   support\n\n           0     0.0000    0.0000    0.0000         2\n           1     0.5211    0.9737    0.6789       114\n           2     0.3333    0.0323    0.0588        62\n           3     0.0000    0.0000    0.0000        35\n           4     0.0000    0.0000    0.0000         6\n\n    accuracy                         0.5160       219\n   macro avg     0.1709    0.2012    0.1475       219\nweighted avg     0.3656    0.5160    0.3701       219\n",
    "subtype_hyperparameters": "              precision    recall  f1-score   support\n\n           0     0.0000    0.0000    0.0000         2\n           1     0.5556    0.5752    0.5652       113\n           2     0.5196    0.5096    0.5146       104\n\n    accuracy                         0.5388       219\n   macro avg     0.3584    0.3616    0.3599       219\nweighted avg     0.5334    0.5388    0.5360       219\n",
    "diagnosis_accuracy": 0.9908675799086758,
    "stage_accuracy": 0.5159817351598174,
    "subtype_accuracy": 0.5388127853881278,
    "diagnosis_sensitivity": 1.0,
    "stage_sensitivity": 0.20118845500848898,
    "subtype_sensitivity": 0.3616122078511459,
    "diagnosis_specificity": 0.0,
    "stage_specificity": 0.42723004694835676,
    "subtype_specificity": 0.5375816993464053,
    "top_10_features_diagnosis": [
        "hsa-mir-3655",
        "hsa-mir-1270",
        "hsa-mir-185",
        "hsa-mir-4802",
        "hsa-mir-200c",
        "hsa-mir-6720",
        "hsa-mir-125b-2",
        "hsa-mir-1258",
        "hsa-mir-3124",
        "hsa-mir-374b"
    ],
    "top_10_features_stage": [
        "hsa-mir-185",
        "hsa-mir-187",
        "hsa-mir-425",
        "hsa-mir-374b",
        "hsa-mir-1270",
        "hsa-mir-200c",
        "hsa-let-7c",
        "hsa-mir-370",
        "hsa-mir-125b-2",
        "hsa-mir-181b-2"
    ],
    "top_10_features_subtype": [
        "hsa-mir-1270",
        "hsa-mir-185",
        "hsa-mir-3124",
        "hsa-mir-374b",
        "hsa-mir-425",
        "hsa-mir-6720",
        "hsa-mir-370",
        "hsa-let-7c",
        "hsa-mir-187",
        "hsa-mir-200c"
    ]
}