{
    "diagnosis_classification_report": "              precision    recall  f1-score   support\n\n           0     0.0000    0.0000    0.0000         2\n           1     0.9909    1.0000    0.9954       217\n\n    accuracy                         0.9909       219\n   macro avg     0.4954    0.5000    0.4977       219\nweighted avg     0.9818    0.9909    0.9863       219\n",
    "stage_classification_report": "              precision    recall  f1-score   support\n\n           0     0.0625    0.5000    0.1111         2\n           1     0.5379    0.6228    0.5772       114\n           2     0.3846    0.3226    0.3509        62\n           3     0.1111    0.0571    0.0755        35\n           4     0.0000    0.0000    0.0000         6\n\n    accuracy                         0.4292       219\n   macro avg     0.2192    0.3005    0.2229       219\nweighted avg     0.4072    0.4292    0.4129       219\n",
    "subtype_classification_report": "              precision    recall  f1-score   support\n\n           0     0.2500    0.5000    0.3333         2\n           1     0.5641    0.3894    0.4607       113\n           2     0.5109    0.6731    0.5809       104\n\n    accuracy                         0.5251       219\n   macro avg     0.4417    0.5208    0.4583       219\nweighted avg     0.5360    0.5251    0.5166       219\n",
    "diagnosis_accuracy": 0.9908675799086758,
    "stage_accuracy": 0.4292237442922374,
    "subtype_accuracy": 0.5251141552511416,
    "diagnosis_sensitivity": 1.0,
    "stage_sensitivity": 0.3005061039696014,
    "subtype_sensitivity": 0.5208191513501248,
    "diagnosis_specificity": 0.0,
    "stage_specificity": 0.2192210567210567,
    "subtype_specificity": 0.4416838230706844,
    "top_10_features_diagnosis": [
        "hsa-mir-891a",
        "hsa-mir-1282",
        "hsa-mir-3683",
        "hsa-mir-631",
        "hsa-mir-571",
        "hsa-mir-936",
        "hsa-mir-3907",
        "hsa-mir-4663",
        "hsa-mir-4488",
        "hsa-mir-4450"
    ],
    "top_10_features_stage": [
        "hsa-mir-891a",
        "hsa-mir-4488",
        "hsa-mir-1282",
        "hsa-mir-936",
        "hsa-mir-3907",
        "hsa-mir-3683",
        "hsa-mir-631",
        "hsa-mir-571",
        "hsa-mir-4450",
        "hsa-mir-6835"
    ],
    "top_10_features_subtype": [
        "hsa-mir-891a",
        "hsa-mir-1282",
        "hsa-mir-631",
        "hsa-mir-3683",
        "hsa-mir-936",
        "hsa-mir-571",
        "hsa-mir-3907",
        "hsa-mir-4488",
        "hsa-mir-4663",
        "hsa-mir-4450"
    ]
}