{
    "diagnosis_hyperparameters": "              precision    recall  f1-score   support\n\n           0       0.00      0.00      0.00         2\n           1       0.99      1.00      1.00       217\n\n    accuracy                           0.99       219\n   macro avg       0.50      0.50      0.50       219\nweighted avg       0.98      0.99      0.99       219\n",
    "stage_hyperparameters": "              precision    recall  f1-score   support\n\n           0       0.00      0.00      0.00         2\n           1       0.52      1.00      0.68       114\n           2       0.00      0.00      0.00        62\n           3       0.00      0.00      0.00        35\n           4       0.00      0.00      0.00         6\n\n    accuracy                           0.52       219\n   macro avg       0.10      0.20      0.14       219\nweighted avg       0.27      0.52      0.36       219\n",
    "subtype_hyperparameters": "              precision    recall  f1-score   support\n\n           0       0.00      0.00      0.00         2\n           1       0.57      0.63      0.60       113\n           2       0.54      0.49      0.52       104\n\n    accuracy                           0.56       219\n   macro avg       0.37      0.37      0.37       219\nweighted avg       0.55      0.56      0.55       219\n",
    "diagnosis_accuracy": 0.9908675799086758,
    "stage_accuracy": 0.5205479452054794,
    "subtype_accuracy": 0.5570776255707762,
    "diagnosis_sensitivity": 1.0,
    "stage_sensitivity": 0.2,
    "subtype_sensitivity": 0.37290106648513727,
    "diagnosis_specificity": 0.0,
    "stage_specificity": NaN,
    "subtype_specificity": NaN,
    "top_10_features_diagnosis": [
        "hsa-mir-1270",
        "hsa-mir-3116-1",
        "hsa-mir-326",
        "hsa-mir-365a",
        "hsa-mir-675",
        "hsa-mir-221",
        "hsa-mir-627",
        "hsa-mir-4662a",
        "hsa-mir-514a-3",
        "hsa-mir-151a"
    ],
    "top_10_features_stage": [
        "hsa-mir-5684",
        "hsa-mir-449b",
        "hsa-mir-4461",
        "hsa-mir-7706",
        "hsa-mir-218-1",
        "hsa-mir-598",
        "hsa-mir-449a",
        "hsa-mir-3130-1",
        "hsa-mir-6509",
        "hsa-mir-4762"
    ],
    "top_10_features_subtype": [
        "hsa-mir-4661",
        "hsa-mir-135a-2",
        "hsa-mir-23c",
        "hsa-mir-6879",
        "hsa-mir-202",
        "hsa-mir-185",
        "hsa-mir-26a-2",
        "hsa-mir-4786",
        "hsa-mir-30b",
        "hsa-mir-29b-2"
    ]
}