{
    "diagnosis_hyperparameters": "              precision    recall  f1-score   support\n\n           0     0.0000    0.0000    0.0000         2\n           1     0.9909    1.0000    0.9954       217\n\n    accuracy                         0.9909       219\n   macro avg     0.4954    0.5000    0.4977       219\nweighted avg     0.9818    0.9909    0.9863       219\n",
    "stage_hyperparameters": "              precision    recall  f1-score   support\n\n           0     0.0000    0.0000    0.0000         2\n           1     0.5161    0.9825    0.6767       114\n           2     0.0000    0.0000    0.0000        62\n           3     0.0000    0.0000    0.0000        35\n           4     0.0000    0.0000    0.0000         6\n\n    accuracy                         0.5114       219\n   macro avg     0.1032    0.1965    0.1353       219\nweighted avg     0.2687    0.5114    0.3523       219\n",
    "subtype_hyperparameters": "              precision    recall  f1-score   support\n\n           0     0.0000    0.0000    0.0000         2\n           1     0.5448    0.6460    0.5911       113\n           2     0.5294    0.4327    0.4762       104\n\n    accuracy                         0.5388       219\n   macro avg     0.3581    0.3596    0.3558       219\nweighted avg     0.5325    0.5388    0.5311       219\n",
    "diagnosis_accuracy": 0.9908675799086758,
    "stage_accuracy": 0.5114155251141552,
    "subtype_accuracy": 0.5388127853881278,
    "diagnosis_sensitivity": 1.0,
    "stage_sensitivity": 0.19649122807017544,
    "subtype_sensitivity": 0.35957000226911734,
    "diagnosis_specificity": 0.0,
    "stage_specificity": 0.25806451612903225,
    "subtype_specificity": 0.5370939420544337,
    "top_10_features_diagnosis": [
        "hsa-mir-17",
        "hsa-mir-10a",
        "hsa-mir-509-1",
        "hsa-mir-4802",
        "hsa-mir-203b",
        "hsa-mir-760",
        "hsa-mir-346",
        "hsa-mir-4740",
        "hsa-mir-466",
        "hsa-mir-3177"
    ],
    "top_10_features_stage": [
        "hsa-mir-10a",
        "hsa-mir-203b",
        "hsa-mir-17",
        "hsa-mir-509-1",
        "hsa-mir-760",
        "hsa-mir-4802",
        "hsa-mir-3942",
        "hsa-mir-346",
        "hsa-mir-466",
        "hsa-mir-3177"
    ],
    "top_10_features_subtype": [
        "hsa-mir-10a",
        "hsa-mir-509-1",
        "hsa-mir-203b",
        "hsa-mir-17",
        "hsa-mir-760",
        "hsa-mir-4802",
        "hsa-mir-4740",
        "hsa-mir-466",
        "hsa-mir-346",
        "hsa-mir-3942"
    ]
}