{
    "diagnosis_hyperparameters": "              precision    recall  f1-score   support\n\n           0       0.00      0.00      0.00         2\n           1       0.99      1.00      1.00       217\n\n    accuracy                           0.99       219\n   macro avg       0.50      0.50      0.50       219\nweighted avg       0.98      0.99      0.99       219\n",
    "stage_hyperparameters": "              precision    recall  f1-score   support\n\n           0       0.00      0.00      0.00         2\n           1       0.54      0.93      0.68       114\n           2       0.28      0.08      0.12        62\n           3       0.33      0.03      0.05        35\n           4       0.00      0.00      0.00         6\n\n    accuracy                           0.51       219\n   macro avg       0.23      0.21      0.17       219\nweighted avg       0.41      0.51      0.40       219\n",
    "subtype_hyperparameters": "              precision    recall  f1-score   support\n\n           0       0.00      0.00      0.00         2\n           1       0.56      0.59      0.58       113\n           2       0.53      0.50      0.51       104\n\n    accuracy                           0.54       219\n   macro avg       0.36      0.36      0.36       219\nweighted avg       0.54      0.54      0.54       219\n",
    "diagnosis_accuracy": 0.9908675799086758,
    "stage_accuracy": 0.5114155251141552,
    "subtype_accuracy": 0.54337899543379,
    "diagnosis_sensitivity": 1.0,
    "stage_sensitivity": 0.20780823025305195,
    "subtype_sensitivity": 0.364306784660767,
    "diagnosis_specificity": 0.0,
    "stage_specificity": 0.38215488215488214,
    "subtype_specificity": 0.5417929292929293,
    "top_10_features_diagnosis": [
        "hsa-mir-6720",
        "hsa-mir-203b",
        "hsa-mir-760",
        "hsa-mir-520a",
        "hsa-mir-3145",
        "hsa-mir-4487",
        "hsa-mir-6766",
        "hsa-mir-5694",
        "hsa-mir-3661",
        "hsa-mir-3927"
    ],
    "top_10_features_stage": [
        "hsa-mir-203b",
        "hsa-mir-6720",
        "hsa-mir-760",
        "hsa-mir-520a",
        "hsa-mir-3145",
        "hsa-mir-4487",
        "hsa-mir-3927",
        "hsa-mir-6766",
        "hsa-mir-5694",
        "hsa-mir-1283-2"
    ],
    "top_10_features_subtype": [
        "hsa-mir-6720",
        "hsa-mir-203b",
        "hsa-mir-760",
        "hsa-mir-520a",
        "hsa-mir-3145",
        "hsa-mir-4487",
        "hsa-mir-5694",
        "hsa-mir-6766",
        "hsa-mir-3927",
        "hsa-mir-1282"
    ]
}