{
    "diagnosis": {
        "0": {
            "precision": 0.0,
            "recall": 0.0,
            "f1-score": 0.0,
            "support": 2.0
        },
        "1": {
            "precision": 0.9907834101382489,
            "recall": 1.0,
            "f1-score": 0.9953703703703703,
            "support": 215.0
        },
        "accuracy": 0.9907834101382489,
        "macro avg": {
            "precision": 0.49539170506912444,
            "recall": 0.5,
            "f1-score": 0.4976851851851852,
            "support": 217.0
        },
        "weighted avg": {
            "precision": 0.9816517658051774,
            "recall": 0.9907834101382489,
            "f1-score": 0.9861964499061273,
            "support": 217.0
        }
    },
    "stage": {
        "1": {
            "precision": 0.5255813953488372,
            "recall": 1.0,
            "f1-score": 0.6890243902439024,
            "support": 113.0
        },
        "2": {
            "precision": 0.0,
            "recall": 0.0,
            "f1-score": 0.0,
            "support": 62.0
        },
        "3": {
            "precision": 0.0,
            "recall": 0.0,
            "f1-score": 0.0,
            "support": 35.0
        },
        "4": {
            "precision": 0.0,
            "recall": 0.0,
            "f1-score": 0.0,
            "support": 5.0
        },
        "accuracy": 0.5255813953488372,
        "macro avg": {
            "precision": 0.1313953488372093,
            "recall": 0.25,
            "f1-score": 0.1722560975609756,
            "support": 215.0
        },
        "weighted avg": {
            "precision": 0.2762358031368307,
            "recall": 0.5255813953488372,
            "f1-score": 0.362138400453772,
            "support": 215.0
        }
    },
    "subtype": {
        "1": {
            "precision": 0.5630252100840336,
            "recall": 0.5982142857142857,
            "f1-score": 0.5800865800865801,
            "support": 112.0
        },
        "2": {
            "precision": 0.53125,
            "recall": 0.49514563106796117,
            "f1-score": 0.5125628140703518,
            "support": 103.0
        },
        "accuracy": 0.5488372093023256,
        "macro avg": {
            "precision": 0.5471376050420168,
            "recall": 0.5466799583911235,
            "f1-score": 0.5463246970784659,
            "support": 215.0
        },
        "weighted avg": {
            "precision": 0.5478026675786594,
            "recall": 0.5488372093023256,
            "f1-score": 0.547737985204387,
            "support": 215.0
        }
    }
}