{
    "diagnosis": {
        "0": {
            "precision": 0.0,
            "recall": 0.0,
            "f1-score": 0.0,
            "support": 2.0
        },
        "1": {
            "precision": 0.9907834101382489,
            "recall": 1.0,
            "f1-score": 0.9953703703703703,
            "support": 215.0
        },
        "accuracy": 0.9907834101382489,
        "macro avg": {
            "precision": 0.49539170506912444,
            "recall": 0.5,
            "f1-score": 0.4976851851851852,
            "support": 217.0
        },
        "weighted avg": {
            "precision": 0.9816517658051774,
            "recall": 0.9907834101382489,
            "f1-score": 0.9861964499061273,
            "support": 217.0
        }
    },
    "stage": {
        "1": {
            "precision": 0.5235849056603774,
            "recall": 0.9823008849557522,
            "f1-score": 0.683076923076923,
            "support": 113.0
        },
        "2": {
            "precision": 0.3333333333333333,
            "recall": 0.016129032258064516,
            "f1-score": 0.03076923076923077,
            "support": 62.0
        },
        "3": {
            "precision": 0.0,
            "recall": 0.0,
            "f1-score": 0.0,
            "support": 35.0
        },
        "4": {
            "precision": 0.0,
            "recall": 0.0,
            "f1-score": 0.0,
            "support": 5.0
        },
        "accuracy": 0.5209302325581395,
        "macro avg": {
            "precision": 0.21422955974842767,
            "recall": 0.24960747930345417,
            "f1-score": 0.17846153846153845,
            "support": 215.0
        },
        "weighted avg": {
            "precision": 0.3713105163083224,
            "recall": 0.5209302325581395,
            "f1-score": 0.36788550983899815,
            "support": 215.0
        }
    },
    "subtype": {
        "1": {
            "precision": 0.5675675675675675,
            "recall": 0.5625,
            "f1-score": 0.5650224215246636,
            "support": 112.0
        },
        "2": {
            "precision": 0.5288461538461539,
            "recall": 0.5339805825242718,
            "f1-score": 0.5314009661835749,
            "support": 103.0
        },
        "accuracy": 0.5488372093023256,
        "macro avg": {
            "precision": 0.5482068607068606,
            "recall": 0.5482402912621359,
            "f1-score": 0.5482116938541193,
            "support": 215.0
        },
        "weighted avg": {
            "precision": 0.5490173089010298,
            "recall": 0.5488372093023256,
            "f1-score": 0.5489153987333514,
            "support": 215.0
        }
    }
}