{
    "subtype_hyperparameters": "              precision    recall  f1-score   support\n\n           0       0.00      0.00      0.00         2\n           1       0.50      0.89      0.64       112\n           2       0.37      0.07      0.11       104\n\n    accuracy                           0.49       218\n   macro avg       0.29      0.32      0.25       218\nweighted avg       0.43      0.49      0.38       218\n",
    "subtype_accuracy": 0.4908256880733945,
    "sensitivity_subtype": 0.3200549450549451,
    "specificity_subtype": NaN,
    "top_10_features_subtype": [
        "hsa-mir-4280",
        "hsa-mir-3973",
        "hsa-mir-8082",
        "hsa-mir-4257",
        "hsa-mir-526a-2",
        "hsa-mir-1253",
        "hsa-mir-8052",
        "hsa-mir-4300",
        "hsa-mir-520e",
        "hsa-mir-451b"
    ],
    "train_size": 872,
    "test_size": 218,
    "model_file_format": "joblib"
}