{
    "diagnosis_hyperparameters": "              precision    recall  f1-score   support\n\n           0       1.00      1.00      1.00         2\n           1       1.00      1.00      1.00       217\n\n    accuracy                           1.00       219\n   macro avg       1.00      1.00      1.00       219\nweighted avg       1.00      1.00      1.00       219\n",
    "stage_hyperparameters": "              precision    recall  f1-score   support\n\n           0       1.00      1.00      1.00         2\n           1       0.92      1.00      0.96       105\n           2       1.00      0.94      0.97        69\n           3       0.97      0.94      0.96        35\n           4       1.00      0.50      0.67         8\n\n    accuracy                           0.95       219\n   macro avg       0.98      0.88      0.91       219\nweighted avg       0.96      0.95      0.95       219\n",
    "subtype_hyperparameters": "              precision    recall  f1-score   support\n\n           0       1.00      1.00      1.00         2\n           1       0.98      0.96      0.97       115\n           2       0.95      0.98      0.97       102\n\n    accuracy                           0.97       219\n   macro avg       0.98      0.98      0.98       219\nweighted avg       0.97      0.97      0.97       219\n",
    "diagnosis_accuracy": 1.0,
    "stage_accuracy": 0.954337899543379,
    "subtype_accuracy": 0.9680365296803652,
    "sensitivity_diagnosis": 1.0,
    "sensitivity_stage": 0.8769772256728778,
    "sensitivity_subtype": 0.9789712986643933,
    "specificity_diagnosis": 1.0,
    "specificity_stage": 0.978328173374613,
    "specificity_subtype": 0.9781746031746031,
    "top_10_features_diagnosis": [
        "hsa-mir-8082",
        "hsa-mir-4300",
        "hsa-mir-6071",
        "hsa-mir-526a-2",
        "hsa-mir-518f",
        "hsa-mir-5583-1",
        "hsa-mir-520e",
        "hsa-mir-523",
        "hsa-mir-515-2",
        "hsa-mir-8066"
    ],
    "top_10_features_stage": [
        "hsa-mir-8082",
        "hsa-mir-4300",
        "hsa-mir-6071",
        "hsa-mir-526a-2",
        "hsa-mir-518f",
        "hsa-mir-5583-1",
        "hsa-mir-520e",
        "hsa-mir-523",
        "hsa-mir-515-2",
        "hsa-mir-8066"
    ],
    "top_10_features_subtype": [
        "hsa-mir-8082",
        "hsa-mir-4300",
        "hsa-mir-6071",
        "hsa-mir-526a-2",
        "hsa-mir-518f",
        "hsa-mir-5583-1",
        "hsa-mir-520e",
        "hsa-mir-523",
        "hsa-mir-515-2",
        "hsa-mir-8066"
    ],
    "train_size": 872,
    "test_size": 219
}