{
    "stage_accuracy": 0.9360730593607306,
    "stage_sensitivity": 0.9202085859810817,
    "stage_specificity": 0.901538821191666,
    "top_10_features_stage": [
        "hsa-mir-4271",
        "hsa-mir-4280",
        "hsa-mir-3973",
        "hsa-mir-8082",
        "hsa-mir-4257",
        "hsa-mir-1253",
        "hsa-mir-8052",
        "hsa-mir-4300",
        "hsa-mir-451b",
        "hsa-mir-548ak"
    ],
    "train_size": 872,
    "test_size": 219,
    "target_task": "stage"
}