{
    "subtype_hyperparameters": "              precision    recall  f1-score   support\n\n           0       0.00      0.00      0.00         2\n           1       0.52      1.00      0.68       113\n           2       0.00      0.00      0.00       104\n\n    accuracy                           0.52       219\n   macro avg       0.17      0.33      0.23       219\nweighted avg       0.27      0.52      0.35       219\n",
    "subtype_accuracy": 0.5159817351598174,
    "sensitivity_subtype": 0.3333333333333333,
    "specificity_subtype": NaN,
    "top_10_features_subtype": [
        "hsa-mir-4280",
        "hsa-mir-3973",
        "hsa-mir-8082",
        "hsa-mir-4257",
        "hsa-mir-526a-2",
        "hsa-mir-1253",
        "hsa-mir-8052",
        "hsa-mir-4300",
        "hsa-mir-520e",
        "hsa-mir-451b"
    ],
    "train_size": 872,
    "test_size": 219,
    "model_file_format": "joblib"
}