{
    "diagnosis_classification_report": "              precision    recall  f1-score   support\n\n           0     1.0000    0.5000    0.6667         2\n           1     0.9954    1.0000    0.9977       217\n\n    accuracy                         0.9954       219\n   macro avg     0.9977    0.7500    0.8322       219\nweighted avg     0.9955    0.9954    0.9947       219\n",
    "stage_classification_report": "              precision    recall  f1-score   support\n\n           0     0.0625    0.5000    0.1111         2\n           1     0.5379    0.6228    0.5772       114\n           2     0.3922    0.3226    0.3540        62\n           3     0.1053    0.0571    0.0741        35\n           4     0.0000    0.0000    0.0000         6\n\n    accuracy                         0.4292       219\n   macro avg     0.2196    0.3005    0.2233       219\nweighted avg     0.4084    0.4292    0.4135       219\n",
    "subtype_classification_report": "              precision    recall  f1-score   support\n\n           0     0.2500    0.5000    0.3333         2\n           1     0.6154    0.3540    0.4494       113\n           2     0.5200    0.7500    0.6142       104\n\n    accuracy                         0.5434       219\n   macro avg     0.4618    0.5347    0.4656       219\nweighted avg     0.5668    0.5434    0.5266       219\n",
    "diagnosis_accuracy": 0.9954337899543378,
    "stage_accuracy": 0.4292237442922374,
    "subtype_accuracy": 0.54337899543379,
    "diagnosis_sensitivity": 1.0,
    "stage_sensitivity": 0.3005061039696014,
    "subtype_sensitivity": 0.534660766961652,
    "diagnosis_specificity": 0.5,
    "stage_specificity": 0.21955976170372454,
    "subtype_specificity": 0.46179487179487183,
    "top_10_features_diagnosis": [
        "hsa-mir-891a",
        "hsa-mir-1282",
        "hsa-mir-631",
        "hsa-mir-3683",
        "hsa-mir-571",
        "hsa-mir-3907",
        "hsa-mir-936",
        "hsa-mir-4488",
        "hsa-mir-4663",
        "hsa-mir-4450"
    ],
    "top_10_features_stage": [
        "hsa-mir-891a",
        "hsa-mir-4488",
        "hsa-mir-1282",
        "hsa-mir-936",
        "hsa-mir-3907",
        "hsa-mir-631",
        "hsa-mir-3683",
        "hsa-mir-571",
        "hsa-mir-4450",
        "hsa-mir-4663"
    ],
    "top_10_features_subtype": [
        "hsa-mir-891a",
        "hsa-mir-1282",
        "hsa-mir-631",
        "hsa-mir-3683",
        "hsa-mir-936",
        "hsa-mir-571",
        "hsa-mir-3907",
        "hsa-mir-4488",
        "hsa-mir-4663",
        "hsa-mir-4450"
    ]
}