{
    "diagnosis_classification_report": "              precision    recall  f1-score   support\n\n           0     0.0000    0.0000    0.0000         2\n           1     0.9909    1.0000    0.9954       217\n\n    accuracy                         0.9909       219\n   macro avg     0.4954    0.5000    0.4977       219\nweighted avg     0.9818    0.9909    0.9863       219\n",
    "stage_classification_report": "              precision    recall  f1-score   support\n\n           0     0.0000    0.0000    0.0000         2\n           1     0.5243    0.9474    0.6750       114\n           2     0.4615    0.0968    0.1600        62\n           3     0.0000    0.0000    0.0000        35\n           4     0.0000    0.0000    0.0000         6\n\n    accuracy                         0.5205       219\n   macro avg     0.1972    0.2088    0.1670       219\nweighted avg     0.4036    0.5205    0.3967       219\n",
    "subtype_classification_report": "              precision    recall  f1-score   support\n\n           0     0.0000    0.0000    0.0000         2\n           1     0.5276    0.5929    0.5583       113\n           2     0.5000    0.4423    0.4694       104\n\n    accuracy                         0.5160       219\n   macro avg     0.3425    0.3451    0.3426       219\nweighted avg     0.5097    0.5160    0.5110       219\n",
    "diagnosis_accuracy": 0.9908675799086758,
    "stage_accuracy": 0.5205479452054794,
    "subtype_accuracy": 0.5159817351598174,
    "diagnosis_sensitivity": 1.0,
    "stage_sensitivity": 0.20882852292020374,
    "subtype_sensitivity": 0.3450760154299977,
    "diagnosis_specificity": 0.0,
    "stage_specificity": 0.19716206123973115,
    "subtype_specificity": 0.3425196850393701,
    "top_10_features_diagnosis": [
        "hsa-mir-202",
        "hsa-mir-10a",
        "hsa-mir-3653",
        "hsa-mir-4777",
        "hsa-mir-4434",
        "hsa-mir-4728",
        "hsa-mir-625",
        "hsa-mir-5690",
        "hsa-mir-4802",
        "hsa-mir-580"
    ],
    "top_10_features_stage": [
        "hsa-mir-185",
        "hsa-mir-10a",
        "hsa-mir-3653",
        "hsa-mir-202",
        "hsa-mir-381",
        "hsa-mir-338",
        "hsa-mir-144",
        "hsa-mir-1270",
        "hsa-mir-425",
        "hsa-mir-187"
    ],
    "top_10_features_subtype": [
        "hsa-mir-202",
        "hsa-mir-185",
        "hsa-mir-10a",
        "hsa-mir-580",
        "hsa-mir-4434",
        "hsa-mir-3653",
        "hsa-mir-5690",
        "hsa-mir-381",
        "hsa-mir-1270",
        "hsa-mir-548t"
    ]
}